[
  {
    "title":"LEVEL 1",
   "question":"level1_quiz", 
   "quiz_time": 40, 
   "cost": 0, 
   "extraCash": 100, 
   "coins_roll": "coins",  
   "rank": "b", 
   "rank_title": "B MEDAL",
   "success_cup": false
 }
 ,
  
{
  "title":"LEVEL 2",    
  "question":"level2_quiz", 
  "quiz_time": 30, 
  "cost": 3000,  
  "extraCash": 200, 
  "coins_roll": "coins2", 
  "rank": "c", 
  "rank_title": "C MEDAL", 
  "success_cup": false
 }
 ,

  {
   "title":"LEVEL 3", 
   "question":"level3_quiz", 
   "quiz_time": 20, 
   "cost": 10000,
   "extraCash": 300, 
   "coins_roll": "coins3", 
   "rank": "d", 
   "rank_title": "D MEDAL", 
  "success_cup": false
  }
 ,  
   
  {
    "title":"LEVEL 4",     
    "question":"level4_quiz", 
    "quiz_time": 20, 
    "cost": 10000, 
    "extraCash": 500, 
    "coins_roll": "coins2", 
    "rank": "e", 
    "rank_title": "E MEDAL", 
    "success_cup": false
}
 ,
  {
    "title":"LEVEL 5",    
    "question":"level5_quiz", 
    "quiz_time": 20, 
    "cost": 10000, 
    "extraCash": 600, 
    "coins_roll": "coins3", 
    "rank": "f", 
    "rank_title": "F MEDAL",  
    "success_cup": false
  }     

,
  {
    "title":"LEVEL 6",    
    "question":"level6_quiz", 
    "quiz_time": 20, 
    "cost": 10000, 
    "extraCash": 600, 
    "coins_roll": "coins3", 
    "rank": "g", 
    "rank_title": "G MEDAL",  
    "success_cup": false,
   "pro": true
  }     
 
]
