[
  {
    "title":"LEVEL 1",
   "question":"level1_quiz", 
   "quiz_time": 30, 
   "cost": 0, 
   "extraCash": 100, 
   "coins_roll": "coins",  
   "rank": "b", 
   "rank_title": "B MEDAL",
   "success_cup": false,
   "level_check":"true"
 }
 ,
  
{
  "title":"LEVEL 2",    
  "question":"level2_quiz", 
  "quiz_time": 30, 
  "cost": 0,  
  "extraCash": 200, 
  "coins_roll": "coins2", 
  "rank": "c", 
  "rank_title": "C MEDAL", 
  "success_cup": false,
  "level_check":"true"
 }
 ,

  {
   "title":"LEVEL 3", 
   "question":"level3_quiz", 
   "quiz_time": 20, 
   "cost": 0,
   "extraCash": 300, 
   "coins_roll": "coins3", 
   "rank": "d", 
   "rank_title": "D MEDAL", 
   "success_cup": false,
   "level_check":"true"
  }
 ,  
   
  {
    "title":"LEVEL 4",     
    "question":"level4_quiz", 
    "quiz_time": 20, 
    "cost": 0, 
    "extraCash": 500, 
    "coins_roll": "coins2", 
    "rank": "e", 
    "rank_title": "E MEDAL", 
    "success_cup": false,
    "level_check":"true"
}
 ,
  {
    "title":"LEVEL 5",    
    "question":"level5_quiz", 
    "quiz_time": 20, 
    "cost": 0, 
    "extraCash": 600, 
    "coins_roll": "coins3", 
    "rank": "f", 
    "rank_title": "F MEDAL",  
    "success_cup": false,
    "level_check":"true"
  } 
  ,
  {
    "title":"LEVEL 6",    
    "question":"level6_quiz", 
    "quiz_time": 20, 
    "cost": 0, 
    "extraCash": 800, 
    "coins_roll": "coins3", 
    "rank": "g", 
    "rank_title": "G MEDAL",  
    "success_cup": false,
    "level_check":"true",
    "pro": true
  }      
,
  {
    "title":"LEVEL 7",    
    "question":"level7_quiz", 
    "quiz_time": 15, 
    "cost": 0, 
    "extraCash": 900, 
    "coins_roll": "coins3", 
    "rank": "h", 
    "rank_title": "H MEDAL",  
    "success_cup": false,
    "level_check":"true",
    "pro": true
  }      
,
  {
    "title":"LEVEL 8",    
    "question":"level8_quiz", 
    "quiz_time": 15, 
    "cost": 0, 
    "extraCash": 1000, 
    "coins_roll": "coins3", 
    "rank": "i", 
    "rank_title": "I MEDAL",  
    "success_cup": false,
    "level_check":"true",
    "pro": true
  }      
,
  {
    "title":"LEVEL 9",    
    "question":"level9_quiz", 
    "quiz_time": 15, 
    "cost": 0, 
    "extraCash": 1200, 
    "coins_roll": "coins3", 
    "rank": "j", 
    "rank_title": "J MEDAL",  
    "success_cup": false,
    "level_check":"true",
    "pro": true
  }      
,
  {
    "title":"LEVEL 10",    
    "question":"level10_quiz", 
    "quiz_time": 10, 
    "cost": 0, 
    "extraCash": 1500, 
    "coins_roll": "coins3", 
    "rank": "k", 
    "rank_title": "K MEDAL",  
    "success_cup": false,
    "level_check":"true",
    "pro": true
  }
  ,
  {
    "title":"AUTO LEARN",    
    "question":"auto_play", 
    "quiz_time": 10, 
    "cost": 0, 
    "extraCash": 0, 
    "coins_roll": "coins3", 
    "rank": "auto_play", 
    "rank_title": "Auto Play",  
    "success_cup": false,
    "level_check":"true",
    "pro": false
  }      
,

{
    "title":"CHALLENGE",    
    "question":"challenge", 
    "quiz_time": 20, 
    "cost": 0, 
    "extraCash": 0, 
    "coins_roll": "coins3", 
    "rank": "challenge", 
    "rank_title": "Challenge",  
    "success_cup": false,
    "level_check":"true",
    "pro": false
  }      


  
]
