[
  {
    "title":"English Lang.",
   "question":"english-language_quiz", 
   "quiz_time": 30, 
   "cost": 0, 
   "extraCash": 100, 
   "coins_roll": "coins",  
   "rank": "b", 
   "rank_title": "B MEDAL",
   "success_cup": false,
   "level_check":""
 }
 ,
  
{
  "title":"Mathematics",    
  "question":"mathematics_quiz", 
  "quiz_time": 30, 
  "cost": 0,  
  "extraCash": 200, 
  "coins_roll": "coins2", 
  "rank": "c", 
  "rank_title": "C MEDAL", 
  "success_cup": false,
  "level_check":""
 }
 ,

  {
   "title":"Biology", 
   "question":"biology_quiz", 
   "quiz_time": 20, 
   "cost": 0,
   "extraCash": 300, 
   "coins_roll": "coins3", 
   "rank": "d", 
   "rank_title": "D MEDAL", 
   "success_cup": false,
   "level_check":""
  }
 ,  
   
  {
    "title":"Chemistry",     
    "question":"chemistry_quiz", 
    "quiz_time": 20, 
    "cost": 0, 
    "extraCash": 500, 
    "coins_roll": "coins2", 
    "rank": "e", 
    "rank_title": "E MEDAL", 
    "success_cup": false,
    "level_check":""
}
 ,
  {
    "title":"Economics",    
    "question":"economics_quiz", 
    "quiz_time": 20, 
    "cost": 0, 
    "extraCash": 600, 
    "coins_roll": "coins3", 
    "rank": "f", 
    "rank_title": "F MEDAL",  
    "success_cup": false,
    "level_check":""
  } 
  ,
  {
    "title":"Physics",    
    "question":"physics_quiz", 
    "quiz_time": 20, 
    "cost": 0, 
    "extraCash": 800, 
    "coins_roll": "coins3", 
    "rank": "g", 
    "rank_title": "G MEDAL",  
    "success_cup": false,
    "level_check":"",
    "pro": true
  }      
,
  {
    "title":"Government",    
    "question":"government_quiz", 
    "quiz_time": 15, 
    "cost": 0, 
    "extraCash": 900, 
    "coins_roll": "coins3", 
    "rank": "h", 
    "rank_title": "H MEDAL",  
    "success_cup": false,
    "level_check":"",
    "pro": true
  }      
,
  {
    "title":"Commerce",    
    "question":"commerce_quiz", 
    "quiz_time": 15, 
    "cost": 0, 
    "extraCash": 1000, 
    "coins_roll": "coins3", 
    "rank": "i", 
    "rank_title": "I MEDAL",  
    "success_cup": false,
    "level_check":"",
    "pro": false
  }      
,
  {
    "title":"Efiwe Art",    
    "question":"efiwe-art_quiz", 
    "quiz_time": 15, 
    "cost": 0, 
    "extraCash": 1200, 
    "coins_roll": "coins3", 
    "rank": "j", 
    "rank_title": "J MEDAL",  
    "success_cup": false,
    "level_check":"",
    "pro": false
  }      
,
  {
    "title":"Efiwe Comm.",    
    "question":"efiwe-commercial_quiz", 
    "quiz_time": 10, 
    "cost": 0, 
    "extraCash": 1500, 
    "coins_roll": "coins3", 
    "rank": "k", 
    "rank_title": "K MEDAL",  
    "success_cup": false,
    "level_check":"",
    "pro": false
  }
  ,
{
    "title":"Efiwe Science",    
    "question":"efiwe-science_quiz", 
    "quiz_time": 10, 
    "cost": 0, 
    "extraCash": 1500, 
    "coins_roll": "coins3", 
    "rank": "k", 
    "rank_title": "K MEDAL",  
    "success_cup": false,
    "level_check":"",
    "pro": false
  }
,

{
    "title":"Grand Master",    
    "question":"grand-master_quiz", 
    "quiz_time": 10, 
    "cost": 0, 
    "extraCash": 1500, 
    "coins_roll": "coins3", 
    "rank": "k", 
    "rank_title": "K MEDAL",  
    "success_cup": false,
    "level_check":"",
    "pro": false
  }
  {
    "title":"AUTO LEARN",    
    "question":"auto_play", 
    "quiz_time": 10, 
    "cost": 0, 
    "extraCash": 0, 
    "coins_roll": "coins3", 
    "rank": "auto_play", 
    "rank_title": "Auto Play",  
    "success_cup": false,
    "level_check":"",
    "pro": false
  }      
,

{
    "title":"CHALLENGE",    
    "question":"challenge", 
    "quiz_time": 20, 
    "cost": 0, 
    "extraCash": 0, 
    "coins_roll": "coins3", 
    "rank": "challenge", 
    "rank_title": "Challenge",  
    "success_cup": false,
    "level_check":"b",
    "pro": false
  }
]
