[
  {

    "title":"ENGLISH", 
    "question":"english-language_quiz", 
    "quiz_time": 30, 
    "cost": 0, 
    "extraCash": 300, 
    "coins_roll": "coins",  
    "rank": "b", 
    "rank_title": "B MEDAL", 
    "success_cup": false,
    "level_check":"",

  }
  ,
  {

   "title":"MATHEMATICS", 
   "question":"mathematics_quiz",  
   "quiz_time": 50, 
   "cost": 0,  
   "extraCash": 300, 
   "coins_roll": "coins2", 
   "rank": "c", 
   "rank_title": "C MEDAL", 
   "success_cup": false,
   "level_check":"",

  }
 ,
  {

    "title":"BIOLOGY", 
    "question":"biology_quiz",          
    "quiz_time": 30, 
    "cost": 0, 
    "extraCash": 300, 
    "coins_roll": "coins3", 
    "rank": "d", 
    "rank_title": "D MEDAL", 
    "success_cup": false,
    "level_check":"",
  }
  ,      
 
 {

   "title":"CHEMISTRY",    
   "question":"chemistry_quiz", 
   "quiz_time": 30, 
   "cost": 0, 
   "extraCash": 300, 
   "coins_roll": "coins2", 
   "rank": "e",
   "rank_title": "E MEDAL",
   "success_cup": false,
   "level_check":"",
  }
,

  {

  "title":"COMMERCE",    
  "question":"commerce_quiz",             
  "quiz_time": 30, 
  "cost": 0, 
  "extraCash": 300, 
  "coins_roll": "coins3", 
  "rank": "f", 
  "rank_title": "F MEDAL", 
  "success_cup": false,
  "level_check":"",
 },
  {
  "title":"PHYSICS",    
  "question":"physics_quiz",          
  "quiz_time": 30, 
  "cost": 0,  
  "extraCash": 300, 
  "coins_roll": "coins2", 
  "rank": "c", 
  "rank_title": "C MEDAL", 
  "success_cup": false,
  "level_check":"",
  }
 ,
  {
    "title":"GOVERNMENT", 
    "question":"government_quiz",    
    "quiz_time": 30, 
    "cost": 0, 
    "extraCash": 300, 
    "coins_roll": "coins3", 
    "rank": "d", 
    "rank_title": "D MEDAL", 
    "success_cup": false,
    "level_check":"",
  }
  ,      
  {
   "title":"ECONOMICS", 
   "question":"economics_quiz",      
   "quiz_time": 30, 
   "cost": 0, 
   "extraCash": 300, 
   "coins_roll": "coins2", 
   "rank": "e", 
   "rank_title": "E MEDAL", 
   "success_cup": false,
   "level_check":"",

  }
  ,

  {

    "title":"EFIWE-ART", 
    "question":"efiwe-art_quiz",      
    "quiz_time": 20, 
    "cost": 0, 
    "extraCash": 600, 
    "coins_roll": "coins2", 
    "rank": "e", 
    "rank_title": "EFIWE-A",  
    "pro": true, 
    "success_cup": false,
    "level_check":"",
 
 }
  ,

  {
    "title":"EFIWE-COMMERCIAL", 
    "question":"efiwe-commercial_quiz", 
    "quiz_time": 20, 
    "cost": 0, 
    "extraCash": 600, 
    "coins_roll": "coins3", 
    "rank": "d", 
    "rank_title": "EFIWE-C", 
    "pro": true, 
    "success_cup": false,
    "level_check":"",
  
 }
  ,

  {

    "title":"EFIWE-SCIENCE", 
    "question":"efiwe-science_quiz", 
    "quiz_time": 20, 
    "cost": 0, 
    "extraCash": 600, 
    "coins_roll": "coins3", 
    "rank": "f", 
    "rank_title": "EFIWE-S", 
    "pro": true, 
    "success_cup": false,
    "level_check":"",

  }
   ,

  {

    "title":"GRAND MASTER", 
    "question":"grand-master_quiz", 
    "quiz_time": 15, 
    "cost": 0, 
    "extraCash": 1000, 
    "coins_roll": "coins3", 
    "rank": "z", 
    "rank_title": "GRAND MASTER", 
    "pro": true, 
    "success_cup": true,
    "level_check":"",

 }
]
